truy_van,mau,bo_nho,loai,doc,relevance
điện thoại gập sang trọng,xanh,128GB,điện thoại gập,điện thoại gập xanh 128GB,0
smartphone chơi game cấu hình mạnh,vàng,128GB,điện thoại gập,điện thoại gập vàng 128GB,0
mua smartphone pin trâu,bạc,64GB,điện thoại phổ thông,điện thoại phổ thông bạc 64GB,1
smartphone chơi game cấu hình mạnh,xanh,128GB,smartphone,smartphone xanh 128GB,2
smartphone chơi game cấu hình mạnh,vàng,256GB,smartphone,smartphone vàng 256GB,0
mua smartphone pin trâu,vàng,64GB,smartphone,smartphone vàng 64GB,0
mua smartphone pin trâu,vàng,128GB,điện thoại phổ thông,điện thoại phổ thông vàng 128GB,0
mua smartphone pin trâu,đen,128GB,smartphone,smartphone đen 128GB,1
smartphone chơi game cấu hình mạnh,vàng,128GB,điện thoại gập,điện thoại gập vàng 128GB,3
điện thoại phổ thông giá rẻ,bạc,256GB,điện thoại phổ thông,điện thoại phổ thông bạc 256GB,2
điện thoại gập sang trọng,bạc,128GB,điện thoại gập,điện thoại gập bạc 128GB,3
mua smartphone pin trâu,xanh,128GB,smartphone,smartphone xanh 128GB,1
mua smartphone pin trâu,đen,128GB,điện thoại phổ thông,điện thoại phổ thông đen 128GB,3
điện thoại phổ thông giá rẻ,bạc,256GB,điện thoại gập,điện thoại gập bạc 256GB,2
smartphone chơi game cấu hình mạnh,trắng,256GB,smartphone,smartphone trắng 256GB,3
smartphone chơi game cấu hình mạnh,trắng,64GB,điện thoại phổ thông,điện thoại phổ thông trắng 64GB,1
smartphone chơi game cấu hình mạnh,xanh,64GB,điện thoại gập,điện thoại gập xanh 64GB,3
điện thoại gập sang trọng,vàng,64GB,điện thoại phổ thông,điện thoại phổ thông vàng 64GB,1
điện thoại phổ thông giá rẻ,trắng,64GB,điện thoại phổ thông,điện thoại phổ thông trắng 64GB,3
điện thoại phổ thông giá rẻ,xanh,256GB,điện thoại phổ thông,điện thoại phổ thông xanh 256GB,1
smartphone chơi game cấu hình mạnh,bạc,256GB,điện thoại gập,điện thoại gập bạc 256GB,1
smartphone chơi game cấu hình mạnh,xanh,128GB,smartphone,smartphone xanh 128GB,0
điện thoại gập sang trọng,vàng,64GB,điện thoại phổ thông,điện thoại phổ thông vàng 64GB,3
điện thoại gập sang trọng,đen,256GB,điện thoại phổ thông,điện thoại phổ thông đen 256GB,1
điện thoại phổ thông giá rẻ,xanh,256GB,điện thoại phổ thông,điện thoại phổ thông xanh 256GB,2
smartphone chơi game cấu hình mạnh,xanh,128GB,điện thoại gập,điện thoại gập xanh 128GB,0
điện thoại phổ thông giá rẻ,vàng,64GB,điện thoại phổ thông,điện thoại phổ thông vàng 64GB,1
điện thoại gập sang trọng,bạc,128GB,điện thoại phổ thông,điện thoại phổ thông bạc 128GB,1
mua smartphone pin trâu,vàng,64GB,điện thoại phổ thông,điện thoại phổ thông vàng 64GB,0
điện thoại gập sang trọng,đen,128GB,điện thoại phổ thông,điện thoại phổ thông đen 128GB,0
điện thoại gập sang trọng,vàng,64GB,điện thoại phổ thông,điện thoại phổ thông vàng 64GB,3
smartphone chơi game cấu hình mạnh,trắng,64GB,smartphone,smartphone trắng 64GB,3
điện thoại phổ thông giá rẻ,vàng,64GB,smartphone,smartphone vàng 64GB,0
điện thoại gập sang trọng,vàng,128GB,điện thoại gập,điện thoại gập vàng 128GB,0
điện thoại phổ thông giá rẻ,vàng,128GB,smartphone,smartphone vàng 128GB,1
mua smartphone pin trâu,bạc,64GB,điện thoại phổ thông,điện thoại phổ thông bạc 64GB,3
điện thoại gập sang trọng,trắng,128GB,điện thoại gập,điện thoại gập trắng 128GB,0
điện thoại gập sang trọng,trắng,64GB,điện thoại phổ thông,điện thoại phổ thông trắng 64GB,2
mua smartphone pin trâu,bạc,64GB,smartphone,smartphone bạc 64GB,2
điện thoại gập sang trọng,xanh,256GB,điện thoại gập,điện thoại gập xanh 256GB,0
